BI, UpperBounded #requests, Refresh Overhead (%), Bandwidth (MiB/s)
4,79990,4.99984,76.2844
4,159990,9.99984,152.578
4,239990,14.9998,228.872
4,319990,19.9998,305.166
4,399990,24.9998,381.46
4,479990,29.9998,457.754
4,560000,35.0005,534.058
4,640000,40.0005,610.352
4,720000,45.0005,686.646
4,800000,50.0005,762.939
4,880000,55.0005,839.233
4,960000,60.0005,915.527
