BI, UpperBounded #requests, Refresh Overhead (%), Bandwidth (MiB/s)
4,319984,4.99994,76.2901
4,639984,9.99994,152.584
4,959984,14.9999,228.878
4,1279984,19.9999,305.172
4,1599984,24.9999,381.466
4,1919984,29.9999,457.76
4,2199675,34.3854,524.443
4,2178626,34.1869,519.425
4,2157578,33.9882,514.407
4,2136530,33.7897,509.388
4,2115479,33.5909,504.369
4,2094433,33.3924,499.352
