BI, UpperBounded #requests, Refresh Overhead (%), Bandwidth (MiB/s)
4,319968,4.99988,76.2863
4,639968,9.99987,152.58
4,959968,14.9999,228.874
4,1279968,19.9999,305.168
4,1599968,24.9999,381.462
4,1919968,29.9999,457.756
4,2199356,34.4544,524.367
4,2175508,34.8329,518.682
4,2151649,35.2114,512.993
4,2127801,35.5904,507.307
4,2103953,35.9689,501.621
4,2080098,36.3474,495.934
