BI, UpperBounded #requests, Refresh Overhead (%), Bandwidth (MiB/s)
4,79975,4.99961,76.2701
4,159975,9.99961,152.564
4,239975,14.9996,228.858
4,319975,19.9996,305.152
4,399975,24.9996,381.446
4,479975,29.9996,457.74
4,560000,35.0012,534.058
4,640000,40.0012,610.352
4,720000,45.0012,686.646
4,800000,50.0012,762.939
4,880000,55.0012,839.233
4,960000,60.0012,915.527
