BI, UpperBounded #requests, Refresh Overhead (%), Bandwidth (MiB/s)
4,79900,4.99844,76.1986
4,159900,9.99844,152.493
4,239900,14.9984,228.786
4,319900,19.9984,305.08
4,399900,24.9984,381.374
4,479900,29.9984,457.668
4,560000,35.0047,534.058
4,640000,40.0047,610.352
4,720000,45.0047,686.646
4,800000,50.0047,762.939
4,880000,55.0047,839.233
4,960000,60.0047,915.527
