BI, UpperBounded #requests, Refresh Overhead (%), Bandwidth (MiB/s)
4,79980,4.99969,76.2749
4,159980,9.99969,152.569
4,239980,14.9997,228.863
4,319980,19.9997,305.157
4,399980,24.9997,381.451
4,479980,29.9997,457.745
4,560000,35.0009,534.058
4,640000,40.0009,610.352
4,720000,45.0009,686.646
4,800000,50.0009,762.939
4,880000,55.0009,839.233
4,960000,60.0009,915.527
