BI, UpperBounded #requests, Refresh Overhead (%), Bandwidth (MiB/s)
4,319936,4.99975,76.2787
4,639936,9.99975,152.573
4,959936,14.9998,228.867
4,1279936,19.9997,305.161
4,1599936,24.9997,381.454
4,1919936,29.9997,457.748
4,2199279,34.4547,524.349
4,2174648,34.8338,518.476
4,2150002,35.2127,512.6
4,2125345,35.5907,506.722
4,2100714,35.9697,500.849
4,2076057,36.3477,494.971
