BI, UpperBounded #requests, Refresh Overhead (%), Bandwidth (MiB/s)
4,79992,4.99988,76.2863
4,159992,9.99987,152.58
4,239992,14.9999,228.874
4,319992,19.9999,305.168
4,399992,24.9999,381.462
4,479992,29.9999,457.756
4,560000,35.0004,534.058
4,640000,40.0004,610.352
4,720000,45.0004,686.646
4,800000,50.0004,762.939
4,880000,55.0004,839.233
4,960000,60.0004,915.527
