BI, UpperBounded #requests, Refresh Overhead (%), Bandwidth (MiB/s)
4,79960,4.99937,76.2558
4,159960,9.99938,152.55
4,239960,14.9994,228.844
4,319960,19.9994,305.138
4,399960,24.9994,381.432
4,479960,29.9994,457.726
4,560000,35.0019,534.058
4,640000,40.0019,610.352
4,720000,45.0019,686.646
4,800000,50.0019,762.939
4,880000,55.0019,839.233
4,960000,60.0019,915.527
