BI, UpperBounded #requests, Refresh Overhead (%), Bandwidth (MiB/s)
4,79995,4.99992,76.2892
4,159995,9.99992,152.583
4,239995,14.9999,228.877
4,319995,19.9999,305.171
4,399995,24.9999,381.465
4,479995,29.9999,457.759
4,560000,35.0002,534.058
4,640000,40.0002,610.352
4,720000,45.0002,686.646
4,800000,50.0002,762.939
4,880000,55.0002,839.233
4,960000,60.0002,915.527
