BI, UpperBounded #requests, Refresh Overhead (%), Bandwidth (MiB/s)
4,79950,4.99922,76.2463
4,159950,9.99922,152.54
4,239950,14.9992,228.834
4,319950,19.9992,305.128
4,399950,24.9992,381.422
4,479950,29.9992,457.716
4,560000,35.0023,534.058
4,640000,40.0023,610.352
4,720000,45.0023,686.646
4,800000,50.0023,762.939
4,880000,55.0023,839.233
4,960000,60.0023,915.527
