BI, UpperBounded #requests, Refresh Overhead (%), Bandwidth (MiB/s)
4,79920,4.99875,76.2177
4,159920,9.99875,152.512
4,239920,14.9987,228.806
4,319920,19.9988,305.099
4,399920,24.9988,381.393
4,479920,29.9988,457.687
4,560000,35.0037,534.058
4,640000,40.0037,610.352
4,720000,45.0037,686.646
4,800000,50.0037,762.939
4,880000,55.0037,839.233
4,960000,60.0037,915.527
