BI, UpperBounded #requests, Refresh Overhead (%), Bandwidth (MiB/s)
4,79996,4.99994,76.2901
4,159996,9.99994,152.584
4,239996,14.9999,228.878
4,319996,19.9999,305.172
4,399996,24.9999,381.466
4,479996,29.9999,457.76
4,560000,35.0002,534.058
4,640000,40.0002,610.352
4,720000,45.0002,686.646
4,800000,50.0002,762.939
4,880000,55.0002,839.233
4,960000,60.0002,915.527
