BI, UpperBounded #requests, Refresh Overhead (%), Bandwidth (MiB/s)
4,79998,4.99997,76.292
4,159998,9.99997,152.586
4,239998,15,228.88
4,319998,20,305.174
4,399998,25,381.468
4,479998,30,457.762
4,560000,35.0001,534.058
4,640000,40.0001,610.352
4,720000,45.0001,686.646
4,800000,50.0001,762.939
4,880000,55.0001,839.233
4,960000,60.0001,915.527
