BI, UpperBounded #requests, Refresh Overhead (%), Bandwidth (MiB/s)
4,79984,4.99975,76.2787
4,159984,9.99975,152.573
4,239984,14.9998,228.867
4,319984,19.9997,305.161
4,399984,24.9997,381.454
4,479984,29.9997,457.748
4,560000,35.0007,534.058
4,640000,40.0007,610.352
4,720000,45.0007,686.646
4,800000,50.0007,762.939
4,880000,55.0007,839.233
4,960000,60.0007,915.527
