BI, UpperBounded #requests, Refresh Overhead (%), Bandwidth (MiB/s)
4,319992,4.99997,76.292
4,639992,9.99997,152.586
4,959992,15,228.88
4,1279992,20,305.174
4,1599992,25,381.468
4,1919992,30,457.762
4,2200539,34.4023,524.649
4,2186853,34.3476,521.386
4,2173170,34.293,518.124
4,2159485,34.2383,514.861
4,2145801,34.1836,511.599
4,2132115,34.129,508.336
