BI, UpperBounded #requests, Refresh Overhead (%), Bandwidth (MiB/s)
4,319800,4.99922,76.2463
4,639800,9.99922,152.54
4,959800,14.9992,228.834
4,1279800,19.9992,305.128
4,1599800,24.9992,381.422
4,1919800,29.9992,457.716
4,2199330,34.4586,524.361
4,2174133,34.8367,518.354
4,2148940,35.2148,512.347
4,2123743,35.593,506.34
4,2098595,35.9742,500.344
4,2073402,36.3523,494.338
