BI, UpperBounded #requests, Refresh Overhead (%), Bandwidth (MiB/s)
4,319960,4.99984,76.2844
4,639960,9.99984,152.578
4,959960,14.9998,228.872
4,1279960,19.9998,305.166
4,1599960,24.9998,381.46
4,1919960,29.9998,457.754
4,2199321,34.4542,524.359
4,2175153,34.833,518.597
4,2150985,35.2117,512.835
4,2126817,35.5905,507.073
4,2102649,35.9692,501.311
4,2078476,36.3473,495.547
