BI, UpperBounded #requests, Refresh Overhead (%), Bandwidth (MiB/s)
4,319980,4.99992,76.2892
4,639980,9.99992,152.583
4,959980,14.9999,228.877
4,1279980,19.9999,305.171
4,1599980,24.9999,381.465
4,1919980,29.9999,457.759
4,2199460,34.454,524.392
4,2176560,34.8324,518.932
4,2153668,35.2112,513.474
4,2130768,35.5896,508.015
4,2107872,35.9684,502.556
4,2084976,36.3471,497.097
