BI, UpperBounded #requests, Refresh Overhead (%), Bandwidth (MiB/s)
4,319840,4.99937,76.2558
4,639840,9.99938,152.55
4,959840,14.9994,228.844
4,1279840,19.9994,305.138
4,1599840,24.9994,381.432
4,1919840,29.9994,457.726
4,2199279,34.4569,524.349
4,2174194,34.8369,518.368
4,2149074,35.2144,512.379
4,2123915,35.5919,506.381
4,2098791,35.9694,500.391
4,2073706,36.3519,494.41
