BI, UpperBounded #requests, Refresh Overhead (%), Bandwidth (MiB/s)
4,319920,4.99969,76.2749
4,639920,9.99969,152.569
4,959920,14.9997,228.863
4,1279920,19.9997,305.157
4,1599920,24.9997,381.451
4,1919920,29.9997,457.745
4,2199295,34.4559,524.353
4,2174472,34.8334,518.435
4,2149668,35.2122,512.521
4,2124864,35.5909,506.607
4,2100041,35.9697,500.689
4,2075256,36.3484,494.78
