BI, UpperBounded #requests, Refresh Overhead (%), Bandwidth (MiB/s)
4,319600,4.99844,76.1986
4,639600,9.99844,152.493
4,959600,14.9984,228.786
4,1279600,19.9984,305.08
4,1599600,24.9984,381.374
4,1919600,29.9984,457.668
4,2199513,34.4609,524.405
4,2174140,34.8422,518.355
4,2148870,35.2172,512.331
4,2123497,35.5984,506.281
4,2098223,35.9797,500.255
4,2072854,36.3547,494.207
