BI, UpperBounded #requests, Refresh Overhead (%), Bandwidth (MiB/s)
4,319680,4.99875,76.2177
4,639680,9.99875,152.512
4,959680,14.9987,228.806
4,1279680,19.9988,305.099
4,1599680,24.9988,381.393
4,1919680,29.9988,457.687
4,2199455,34.4637,524.391
4,2174098,34.8387,518.345
4,2148895,35.2188,512.336
4,2123538,35.5938,506.291
4,2098256,35.9738,500.263
4,2073053,36.3537,494.254
