BI, UpperBounded #requests, Refresh Overhead (%), Bandwidth (MiB/s)
4,319900,4.99961,76.2701
4,639900,9.99961,152.564
4,959900,14.9996,228.858
4,1279900,19.9996,305.152
4,1599900,24.9996,381.446
4,1919900,29.9996,457.74
4,2199284,34.4559,524.35
4,2174344,34.834,518.404
4,2149404,35.2121,512.458
4,2124488,35.5918,506.517
4,2099548,35.9699,500.571
4,2074608,36.348,494.625
